data_evento_1;data_evento_2;data_evento_3;data_evento_4;data_evento_5;metrica_1;metrica_2;metrica_3;metrica_4;metrica_5;metrica_6;metrica_7;metrica_8;metrica_9;metrica_10;metrica_11;metrica_12;metrica_13;metrica_14;metrica_15;metrica_16;metrica_17;metrica_18;metrica_19;metrica_20;metrica_21;metrica_22;metrica_23;metrica_24;metrica_25;metrica_26;metrica_27;metrica_28;metrica_29;metrica_30;metrica_31;metrica_32;metrica_33;metrica_34;metrica_35;metrica_36;metrica_37;metrica_38;metrica_39;metrica_40;categoria_1;categoria_2;categoria_3;categoria_4;categoria_5;categoria_6;categoria_7;categoria_8;categoria_9;categoria_10;id_ou_nome_livre_1;id_ou_nome_livre_2;id_ou_nome_livre_3;id_ou_nome_livre_4;id_ou_nome_livre_5;id_ou_nome_livre_6;id_ou_nome_livre_7;id_ou_nome_livre_8;id_ou_nome_livre_9;id_ou_nome_livre_10;id_ou_nome_livre_11;id_ou_nome_livre_12;id_ou_nome_livre_13;id_ou_nome_livre_14;id_ou_nome_livre_15;id_ou_nome_livre_16;id_ou_nome_livre_17;id_ou_nome_livre_18;id_ou_nome_livre_19;id_ou_nome_livre_20;id_ou_nome_livre_21;id_ou_nome_livre_22;id_ou_nome_livre_23;id_ou_nome_livre_24;id_ou_nome_livre_25;id_ou_nome_livre_26;id_ou_nome_livre_27;id_ou_nome_livre_28;id_ou_nome_livre_29;id_ou_nome_livre_30;id_ou_nome_livre_31;id_ou_nome_livre_32;id_ou_nome_livre_33;id_ou_nome_livre_34;id_ou_nome_livre_35;id_ou_nome_livre_36;id_ou_nome_livre_37;id_ou_nome_livre_38;id_ou_nome_livre_39;id_ou_nome_livre_40;id_ou_nome_livre_41;id_ou_nome_livre_42;id_ou_nome_livre_43;id_ou_nome_livre_44;id_ou_nome_livre_45;id_ou_nome_livre_46;id_ou_nome_livre_47;id_ou_nome_livre_48;id_ou_nome_livre_49;id_ou_nome_livre_50;id_ou_nome_livre_51;id_ou_nome_livre_52;id_ou_nome_livre_53;id_ou_nome_livre_54;id_ou_nome_livre_55;id_ou_nome_livre_56;id_ou_nome_livre_57;id_ou_nome_livre_58;id_ou_nome_livre_59;id_ou_nome_livre_60;id_ou_nome_livre_61;id_ou_nome_livre_62;id_ou_nome_livre_63;id_ou_nome_livre_64;id_ou_nome_livre_65;id_ou_nome_livre_66;id_ou_nome_livre_67;id_ou_nome_livre_68;id_ou_nome_livre_69;id_ou_nome_livre_70;id_ou_nome_livre_71;id_ou_nome_livre_72;id_ou_nome_livre_73;id_ou_nome_livre_74;id_ou_nome_livre_75;id_ou_nome_livre_76;id_ou_nome_livre_77;id_ou_nome_livre_78;id_ou_nome_livre_79;id_ou_nome_livre_80;id_ou_nome_livre_81;id_ou_nome_livre_82;id_ou_nome_livre_83;id_ou_nome_livre_84;id_ou_nome_livre_85;id_ou_nome_livre_86;id_ou_nome_livre_87;id_ou_nome_livre_88;id_ou_nome_livre_89;id_ou_nome_livre_90;id_ou_nome_livre_91;id_ou_nome_livre_92;id_ou_nome_livre_93;id_ou_nome_livre_94;id_ou_nome_livre_95;id_ou_nome_livre_96;id_ou_nome_livre_97;id_ou_nome_livre_98;id_ou_nome_livre_99;id_ou_nome_livre_100;id_ou_nome_livre_101;id_ou_nome_livre_102;id_ou_nome_livre_103;id_ou_nome_livre_104;id_ou_nome_livre_105;id_ou_nome_livre_106;id_ou_nome_livre_107;id_ou_nome_livre_108;id_ou_nome_livre_109;id_ou_nome_livre_110;id_ou_nome_livre_111;id_ou_nome_livre_112;id_ou_nome_livre_113;id_ou_nome_livre_114;id_ou_nome_livre_115;id_ou_nome_livre_116;id_ou_nome_livre_117;id_ou_nome_livre_118;id_ou_nome_livre_119;id_ou_nome_livre_120;id_ou_nome_livre_121;id_ou_nome_livre_122;id_ou_nome_livre_123;id_ou_nome_livre_124;id_ou_nome_livre_125;id_ou_nome_livre_126;id_ou_nome_livre_127;id_ou_nome_livre_128;id_ou_nome_livre_129;id_ou_nome_livre_130;id_ou_nome_livre_131;id_ou_nome_livre_132;id_ou_nome_livre_133;id_ou_nome_livre_134;id_ou_nome_livre_135;id_ou_nome_livre_136;id_ou_nome_livre_137;id_ou_nome_livre_138;id_ou_nome_livre_139;id_ou_nome_livre_140;id_ou_nome_livre_141;id_ou_nome_livre_142;id_ou_nome_livre_143;id_ou_nome_livre_144;id_ou_nome_livre_145;id_ou_nome_livre_146;id_ou_nome_livre_147;id_ou_nome_livre_148;id_ou_nome_livre_149;id_ou_nome_livre_150;id_ou_nome_livre_151;id_ou_nome_livre_152;id_ou_nome_livre_153;id_ou_nome_livre_154;id_ou_nome_livre_155
16/07/2024;25/09/2024;21/09/2024;15/02/2024;02/03/2024;287,36;997,03;710,40;671,38;361,89;256,33;104,57;899,46;849,82;839,75;451,21;281,18;841,58;45,49;766,10;963,18;805,01;115,04;337,02;649,56;55,98;269,04;504,96;768,38;271,38;516,62;2,76;577,29;555,15;651,46;702,01;853,62;812,78;229,99;835,93;427,92;917,80;139,47;846,46;289,91;Sul;Sudeste;Sul;Sul;Centro-Oeste;Norte;Norte;Nordeste;Nordeste;Sudeste;registro-0-0-806912;registro-0-1-607900;registro-0-2-620011;registro-0-3-88812;registro-0-4-269423;registro-0-5-79822;registro-0-6-900073;registro-0-7-976050;registro-0-8-239154;registro-0-9-814166;registro-0-10-221564;registro-0-11-422046;registro-0-12-71801;registro-0-13-25945;registro-0-14-146944;registro-0-15-355679;registro-0-16-542812;registro-0-17-994236;registro-0-18-423830;registro-0-19-379712;registro-0-20-354933;registro-0-21-629677;registro-0-22-415644;registro-0-23-22557;registro-0-24-757086;registro-0-25-432165;registro-0-26-829639;registro-0-27-170938;registro-0-28-682106;registro-0-29-529847;registro-0-30-763942;registro-0-31-628696;registro-0-32-486269;registro-0-33-417540;registro-0-34-234437;registro-0-35-11309;registro-0-36-329296;registro-0-37-540303;registro-0-38-289301;registro-0-39-987963;registro-0-40-823932;registro-0-41-595773;registro-0-42-98518;registro-0-43-953352;registro-0-44-584914;registro-0-45-595353;registro-0-46-124605;registro-0-47-95986;registro-0-48-831330;registro-0-49-669523;registro-0-50-465151;registro-0-51-780355;registro-0-52-643518;registro-0-53-866957;registro-0-54-336962;registro-0-55-128057;registro-0-56-457102;registro-0-57-67674;registro-0-58-904421;registro-0-59-342586;registro-0-60-708050;registro-0-61-508005;registro-0-62-67782;registro-0-63-90828;registro-0-64-538448;registro-0-65-448178;registro-0-66-950560;registro-0-67-29564;registro-0-68-948649;registro-0-69-935541;registro-0-70-609733;registro-0-71-621122;registro-0-72-523632;registro-0-73-460664;registro-0-74-516174;registro-0-75-231756;registro-0-76-219440;registro-0-77-93442;registro-0-78-331740;registro-0-79-990747;registro-0-80-634400;registro-0-81-231188;registro-0-82-702023;registro-0-83-288256;registro-0-84-707329;registro-0-85-885129;registro-0-86-257240;registro-0-87-64148;registro-0-88-546187;registro-0-89-767500;registro-0-90-641584;registro-0-91-241394;registro-0-92-763816;registro-0-93-939352;registro-0-94-170091;registro-0-95-31836;registro-0-96-243196;registro-0-97-180518;registro-0-98-451324;registro-0-99-241247;registro-0-100-769580;registro-0-101-261868;registro-0-102-56220;registro-0-103-199921;registro-0-104-342104;registro-0-105-44344;registro-0-106-818091;registro-0-107-9307;registro-0-108-873937;registro-0-109-71740;registro-0-110-702006;registro-0-111-193611;registro-0-112-778769;registro-0-113-318167;registro-0-114-379110;registro-0-115-549690;registro-0-116-426696;registro-0-117-692667;registro-0-118-721124;registro-0-119-671047;registro-0-120-410465;registro-0-121-312102;registro-0-122-604703;registro-0-123-791733;registro-0-124-914802;registro-0-125-392290;registro-0-126-54261;registro-0-127-72880;registro-0-128-890502;registro-0-129-557080;registro-0-130-572637;registro-0-131-897183;registro-0-132-823567;registro-0-133-834577;registro-0-134-866612;registro-0-135-49924;registro-0-136-394155;registro-0-137-400269;registro-0-138-36656;registro-0-139-472946;registro-0-140-678249;registro-0-141-613852;registro-0-142-843129;registro-0-143-674721;registro-0-144-664397;registro-0-145-23997;registro-0-146-820398;registro-0-147-565156;registro-0-148-307286;registro-0-149-162761;registro-0-150-167883;registro-0-151-18304;registro-0-152-185729;registro-0-153-705518;registro-0-154-76227
05/09/2024;04/03/2024;01/02/2024;23/09/2024;10/05/2024;687,10;381,17;626,06;825,16;665,79;409,23;5,01;44,99;36,84;353,79;519,96;178,44;746,16;688,66;389,91;93,80;278,30;419,83;721,68;163,09;641,25;852,41;441,32;879,09;124,80;699,03;103,03;972,67;523,45;742,50;304,49;580,58;704,92;959,77;67,34;66,17;532,29;301,03;347,27;195,76;Nordeste;Sul;Norte;Sudeste;Sudeste;Norte;Sudeste;Sudeste;Sul;Nordeste;registro-1-0-731983;registro-1-1-822017;registro-1-2-50223;registro-1-3-860677;registro-1-4-865352;registro-1-5-734038;registro-1-6-659360;registro-1-7-393627;registro-1-8-98974;registro-1-9-904847;registro-1-10-624796;registro-1-11-974638;registro-1-12-253908;registro-1-13-661154;registro-1-14-431787;registro-1-15-944532;registro-1-16-823961;registro-1-17-617254;registro-1-18-60801;registro-1-19-639769;registro-1-20-968587;registro-1-21-39511;registro-1-22-154675;registro-1-23-632740;registro-1-24-91646;registro-1-25-927725;registro-1-26-265973;registro-1-27-661634;registro-1-28-532566;registro-1-29-673882;registro-1-30-561450;registro-1-31-201626;registro-1-32-189478;registro-1-33-630411;registro-1-34-584869;registro-1-35-619717;registro-1-36-748146;registro-1-37-725468;registro-1-38-911728;registro-1-39-958233;registro-1-40-138603;registro-1-41-933735;registro-1-42-179859;registro-1-43-983120;registro-1-44-134657;registro-1-45-855246;registro-1-46-395721;registro-1-47-251462;registro-1-48-26501;registro-1-49-300939;registro-1-50-539221;registro-1-51-932548;registro-1-52-325969;registro-1-53-345788;registro-1-54-309990;registro-1-55-414156;registro-1-56-308484;registro-1-57-56170;registro-1-58-408671;registro-1-59-259795;registro-1-60-730086;registro-1-61-765258;registro-1-62-903640;registro-1-63-198211;registro-1-64-298629;registro-1-65-279955;registro-1-66-249617;registro-1-67-844896;registro-1-68-184084;registro-1-69-251046;registro-1-70-967224;registro-1-71-254295;registro-1-72-389193;registro-1-73-865068;registro-1-74-630451;registro-1-75-364406;registro-1-76-592489;registro-1-77-952138;registro-1-78-244179;registro-1-79-672820;registro-1-80-129587;registro-1-81-767297;registro-1-82-575607;registro-1-83-17032;registro-1-84-816178;registro-1-85-112844;registro-1-86-180567;registro-1-87-820135;registro-1-88-877375;registro-1-89-96444;registro-1-90-979412;registro-1-91-339240;registro-1-92-646511;registro-1-93-601453;registro-1-94-341959;registro-1-95-359378;registro-1-96-452858;registro-1-97-128030;registro-1-98-928304;registro-1-99-808764;registro-1-100-41217;registro-1-101-579124;registro-1-102-321114;registro-1-103-194553;registro-1-104-745193;registro-1-105-333923;registro-1-106-629631;registro-1-107-750250;registro-1-108-861377;registro-1-109-634069;registro-1-110-912939;registro-1-111-975552;registro-1-112-494462;registro-1-113-885919;registro-1-114-160157;registro-1-115-48257;registro-1-116-312657;registro-1-117-322113;registro-1-118-387354;registro-1-119-76636;registro-1-120-773265;registro-1-121-470930;registro-1-122-859954;registro-1-123-862475;registro-1-124-789857;registro-1-125-881470;registro-1-126-14047;registro-1-127-333394;registro-1-128-950103;registro-1-129-782458;registro-1-130-286744;registro-1-131-885925;registro-1-132-468454;registro-1-133-457479;registro-1-134-417658;registro-1-135-10119;registro-1-136-645160;registro-1-137-716549;registro-1-138-399007;registro-1-139-678819;registro-1-140-764441;registro-1-141-866072;registro-1-142-117889;registro-1-143-414844;registro-1-144-572803;registro-1-145-872894;registro-1-146-295681;registro-1-147-84511;registro-1-148-920475;registro-1-149-961093;registro-1-150-833019;registro-1-151-675425;registro-1-152-94092;registro-1-153-365304;registro-1-154-315473
25/12/2024;27/09/2024;10/03/2024;10/02/2024;17/09/2024;995,46;395,31;51,21;901,28;798,24;319,72;993,71;854,73;570,53;423,71;505,49;180,41;166,87;956,22;290,56;431,65;285,91;936,15;947,67;695,13;620,18;431,35;523,78;849,05;356,36;204,20;457,38;74,67;464,76;434,26;149,94;187,43;355,02;299,00;236,77;95,65;191,12;843,60;2,33;225,81;Centro-Oeste;Sudeste;Centro-Oeste;Sudeste;Nordeste;Nordeste;Norte;Centro-Oeste;Centro-Oeste;Nordeste;registro-2-0-545745;registro-2-1-643818;registro-2-2-530553;registro-2-3-883394;registro-2-4-754725;registro-2-5-846527;registro-2-6-823121;registro-2-7-275282;registro-2-8-183371;registro-2-9-274029;registro-2-10-161636;registro-2-11-919397;registro-2-12-927269;registro-2-13-173502;registro-2-14-543171;registro-2-15-24210;registro-2-16-461502;registro-2-17-198450;registro-2-18-680237;registro-2-19-846764;registro-2-20-768630;registro-2-21-705683;registro-2-22-38278;registro-2-23-170513;registro-2-24-75507;registro-2-25-906239;registro-2-26-755396;registro-2-27-382543;registro-2-28-929331;registro-2-29-868410;registro-2-30-566135;registro-2-31-349830;registro-2-32-901707;registro-2-33-8747;registro-2-34-861890;registro-2-35-757124;registro-2-36-773834;registro-2-37-819079;registro-2-38-528443;registro-2-39-481140;registro-2-40-596872;registro-2-41-705037;registro-2-42-651545;registro-2-43-753771;registro-2-44-953266;registro-2-45-773643;registro-2-46-792622;registro-2-47-907536;registro-2-48-837644;registro-2-49-189447;registro-2-50-637709;registro-2-51-357583;registro-2-52-963966;registro-2-53-552808;registro-2-54-991512;registro-2-55-92424;registro-2-56-354537;registro-2-57-946023;registro-2-58-326328;registro-2-59-643566;registro-2-60-25034;registro-2-61-201514;registro-2-62-850691;registro-2-63-414912;registro-2-64-965528;registro-2-65-616194;registro-2-66-220158;registro-2-67-449487;registro-2-68-255255;registro-2-69-492214;registro-2-70-783093;registro-2-71-140787;registro-2-72-431643;registro-2-73-217128;registro-2-74-146187;registro-2-75-823696;registro-2-76-621971;registro-2-77-610000;registro-2-78-883723;registro-2-79-538339;registro-2-80-895916;registro-2-81-100848;registro-2-82-149885;registro-2-83-677643;registro-2-84-752997;registro-2-85-750846;registro-2-86-555396;registro-2-87-509177;registro-2-88-572883;registro-2-89-587089;registro-2-90-799598;registro-2-91-345908;registro-2-92-620307;registro-2-93-725089;registro-2-94-435401;registro-2-95-367209;registro-2-96-285895;registro-2-97-742972;registro-2-98-478431;registro-2-99-276206;registro-2-100-210273;registro-2-101-468863;registro-2-102-81629;registro-2-103-456290;registro-2-104-99377;registro-2-105-178262;registro-2-106-716299;registro-2-107-907149;registro-2-108-461800;registro-2-109-945155;registro-2-110-4826;registro-2-111-777564;registro-2-112-554815;registro-2-113-276630;registro-2-114-408578;registro-2-115-788032;registro-2-116-329145;registro-2-117-502834;registro-2-118-904649;registro-2-119-402725;registro-2-120-514242;registro-2-121-690097;registro-2-122-593713;registro-2-123-741172;registro-2-124-526121;registro-2-125-184123;registro-2-126-157411;registro-2-127-989520;registro-2-128-141949;registro-2-129-699664;registro-2-130-464388;registro-2-131-815015;registro-2-132-674273;registro-2-133-63151;registro-2-134-367046;registro-2-135-126284;registro-2-136-540905;registro-2-137-531130;registro-2-138-891548;registro-2-139-457227;registro-2-140-264335;registro-2-141-517227;registro-2-142-17760;registro-2-143-648814;registro-2-144-791933;registro-2-145-234923;registro-2-146-829164;registro-2-147-223821;registro-2-148-818535;registro-2-149-907137;registro-2-150-281305;registro-2-151-263118;registro-2-152-684295;registro-2-153-956051;registro-2-154-76794
01/09/2024;01/01/2024;18/01/2024;01/07/2024;09/02/2024;474,46;992,34;733,90;466,10;828,74;800,64;473,37;257,53;744,32;491,93;115,61;982,24;181,93;126,81;81,23;605,31;454,05;233,15;843,70;333,11;548,17;890,16;916,87;972,08;137,24;712,42;277,97;438,66;26,74;709,87;486,48;903,52;760,09;260,51;593,93;436,92;920,32;461,00;100,77;393,74;Norte;Centro-Oeste;Centro-Oeste;Norte;Centro-Oeste;Sudeste;Centro-Oeste;Sul;Norte;Centro-Oeste;registro-3-0-184775;registro-3-1-359757;registro-3-2-112112;registro-3-3-771344;registro-3-4-490254;registro-3-5-614101;registro-3-6-715475;registro-3-7-138845;registro-3-8-751442;registro-3-9-883074;registro-3-10-166239;registro-3-11-72429;registro-3-12-106814;registro-3-13-412036;registro-3-14-528176;registro-3-15-570734;registro-3-16-771153;registro-3-17-322821;registro-3-18-914612;registro-3-19-55590;registro-3-20-218075;registro-3-21-69200;registro-3-22-511199;registro-3-23-375571;registro-3-24-616815;registro-3-25-6876;registro-3-26-447098;registro-3-27-3382;registro-3-28-292786;registro-3-29-392536;registro-3-30-772459;registro-3-31-332393;registro-3-32-868704;registro-3-33-512655;registro-3-34-731087;registro-3-35-323913;registro-3-36-114298;registro-3-37-803888;registro-3-38-204605;registro-3-39-405917;registro-3-40-357639;registro-3-41-21561;registro-3-42-70629;registro-3-43-494321;registro-3-44-995833;registro-3-45-70652;registro-3-46-78908;registro-3-47-96105;registro-3-48-888475;registro-3-49-783657;registro-3-50-729421;registro-3-51-397050;registro-3-52-692267;registro-3-53-827223;registro-3-54-148986;registro-3-55-757587;registro-3-56-822407;registro-3-57-157776;registro-3-58-863400;registro-3-59-56270;registro-3-60-695560;registro-3-61-802389;registro-3-62-915404;registro-3-63-296070;registro-3-64-797917;registro-3-65-760500;registro-3-66-406123;registro-3-67-958252;registro-3-68-923005;registro-3-69-647016;registro-3-70-499320;registro-3-71-571789;registro-3-72-402035;registro-3-73-644556;registro-3-74-600268;registro-3-75-811485;registro-3-76-288720;registro-3-77-107610;registro-3-78-848616;registro-3-79-286338;registro-3-80-176411;registro-3-81-240543;registro-3-82-522813;registro-3-83-860168;registro-3-84-700654;registro-3-85-504499;registro-3-86-183707;registro-3-87-13744;registro-3-88-431259;registro-3-89-800127;registro-3-90-97448;registro-3-91-917582;registro-3-92-119340;registro-3-93-207918;registro-3-94-658169;registro-3-95-428028;registro-3-96-20303;registro-3-97-387916;registro-3-98-977282;registro-3-99-26242;registro-3-100-740782;registro-3-101-96433;registro-3-102-348186;registro-3-103-927541;registro-3-104-759033;registro-3-105-560356;registro-3-106-918036;registro-3-107-493762;registro-3-108-32811;registro-3-109-469641;registro-3-110-762100;registro-3-111-784653;registro-3-112-965147;registro-3-113-605231;registro-3-114-952053;registro-3-115-968030;registro-3-116-111368;registro-3-117-787478;registro-3-118-315639;registro-3-119-946358;registro-3-120-967507;registro-3-121-372514;registro-3-122-277402;registro-3-123-19778;registro-3-124-762232;registro-3-125-601136;registro-3-126-935913;registro-3-127-73373;registro-3-128-424947;registro-3-129-165266;registro-3-130-493303;registro-3-131-884729;registro-3-132-912607;registro-3-133-812424;registro-3-134-875630;registro-3-135-553924;registro-3-136-594139;registro-3-137-178503;registro-3-138-900348;registro-3-139-941094;registro-3-140-825781;registro-3-141-551039;registro-3-142-947513;registro-3-143-828694;registro-3-144-669878;registro-3-145-989268;registro-3-146-763260;registro-3-147-67307;registro-3-148-805662;registro-3-149-514948;registro-3-150-105159;registro-3-151-341766;registro-3-152-882675;registro-3-153-666485;registro-3-154-713066
12/03/2024;08/11/2024;18/03/2024;21/03/2024;02/04/2024;219,08;261,51;391,13;138,44;14,61;274,71;556,01;874,43;27,34;135,60;120,02;121,50;527,76;270,97;427,59;205,40;250,30;968,73;486,42;367,88;132,15;64,46;206,38;153,33;96,32;459,34;159,76;942,65;115,99;611,74;74,54;298,82;249,83;303,56;329,28;48,28;658,53;641,42;223,73;317,99;Centro-Oeste;Sudeste;Sul;Sudeste;Sul;Nordeste;Sul;Centro-Oeste;Centro-Oeste;Norte;registro-4-0-746393;registro-4-1-86357;registro-4-2-791837;registro-4-3-862670;registro-4-4-97291;registro-4-5-531145;registro-4-6-85216;registro-4-7-490659;registro-4-8-816785;registro-4-9-210955;registro-4-10-30253;registro-4-11-762237;registro-4-12-909919;registro-4-13-909332;registro-4-14-311903;registro-4-15-171412;registro-4-16-220930;registro-4-17-201661;registro-4-18-195354;registro-4-19-96410;registro-4-20-790123;registro-4-21-482119;registro-4-22-188685;registro-4-23-714321;registro-4-24-362048;registro-4-25-965695;registro-4-26-141173;registro-4-27-962609;registro-4-28-569059;registro-4-29-902821;registro-4-30-273812;registro-4-31-352237;registro-4-32-827068;registro-4-33-198649;registro-4-34-859870;registro-4-35-769253;registro-4-36-280695;registro-4-37-361285;registro-4-38-746696;registro-4-39-523614;registro-4-40-70410;registro-4-41-965590;registro-4-42-770866;registro-4-43-36793;registro-4-44-131565;registro-4-45-566056;registro-4-46-58075;registro-4-47-69337;registro-4-48-437623;registro-4-49-53434;registro-4-50-277257;registro-4-51-574324;registro-4-52-790889;registro-4-53-446973;registro-4-54-593733;registro-4-55-271916;registro-4-56-591088;registro-4-57-302509;registro-4-58-430111;registro-4-59-484980;registro-4-60-530906;registro-4-61-267022;registro-4-62-223245;registro-4-63-500138;registro-4-64-989357;registro-4-65-615997;registro-4-66-279551;registro-4-67-582055;registro-4-68-590695;registro-4-69-167636;registro-4-70-46934;registro-4-71-729417;registro-4-72-200950;registro-4-73-288581;registro-4-74-548014;registro-4-75-65680;registro-4-76-940286;registro-4-77-222852;registro-4-78-365265;registro-4-79-606181;registro-4-80-973116;registro-4-81-744693;registro-4-82-716547;registro-4-83-864372;registro-4-84-1737;registro-4-85-135692;registro-4-86-90531;registro-4-87-649000;registro-4-88-85400;registro-4-89-363940;registro-4-90-136110;registro-4-91-985883;registro-4-92-76818;registro-4-93-731424;registro-4-94-640703;registro-4-95-598909;registro-4-96-701393;registro-4-97-714703;registro-4-98-626182;registro-4-99-317917;registro-4-100-464812;registro-4-101-111857;registro-4-102-534116;registro-4-103-49943;registro-4-104-375630;registro-4-105-194899;registro-4-106-172720;registro-4-107-582210;registro-4-108-118593;registro-4-109-844538;registro-4-110-914111;registro-4-111-480652;registro-4-112-990723;registro-4-113-485116;registro-4-114-443183;registro-4-115-803144;registro-4-116-981227;registro-4-117-612047;registro-4-118-821548;registro-4-119-228475;registro-4-120-354038;registro-4-121-413037;registro-4-122-72685;registro-4-123-752334;registro-4-124-156786;registro-4-125-640361;registro-4-126-635287;registro-4-127-534165;registro-4-128-362656;registro-4-129-783624;registro-4-130-131353;registro-4-131-783976;registro-4-132-458883;registro-4-133-249729;registro-4-134-312280;registro-4-135-408714;registro-4-136-756895;registro-4-137-432231;registro-4-138-419923;registro-4-139-559783;registro-4-140-782079;registro-4-141-64075;registro-4-142-943216;registro-4-143-591456;registro-4-144-443220;registro-4-145-231459;registro-4-146-893406;registro-4-147-142742;registro-4-148-629901;registro-4-149-828951;registro-4-150-146131;registro-4-151-484637;registro-4-152-623868;registro-4-153-666759;registro-4-154-30305
06/05/2024;20/02/2024;22/10/2024;14/10/2024;13/09/2024;425,78;43,33;289,67;888,19;328,36;809,68;789,09;551,25;68,62;378,16;654,97;135,36;201,04;789,61;22,78;465,52;613,57;204,91;702,69;121,83;241,62;514,69;545,98;27,37;903,42;433,99;719,53;277,88;810,31;276,30;314,72;523,36;803,92;338,77;937,93;228,74;207,86;671,79;70,43;355,85;Norte;Norte;Nordeste;Nordeste;Sul;Nordeste;Centro-Oeste;Centro-Oeste;Sul;Sudeste;registro-5-0-757381;registro-5-1-996429;registro-5-2-666134;registro-5-3-864073;registro-5-4-633751;registro-5-5-211283;registro-5-6-67524;registro-5-7-459940;registro-5-8-386954;registro-5-9-27614;registro-5-10-143565;registro-5-11-583387;registro-5-12-340770;registro-5-13-55243;registro-5-14-650060;registro-5-15-306530;registro-5-16-252059;registro-5-17-959546;registro-5-18-231106;registro-5-19-157583;registro-5-20-485234;registro-5-21-697889;registro-5-22-450141;registro-5-23-301993;registro-5-24-942969;registro-5-25-817161;registro-5-26-955573;registro-5-27-862845;registro-5-28-169593;registro-5-29-737876;registro-5-30-44611;registro-5-31-249473;registro-5-32-821881;registro-5-33-884287;registro-5-34-676242;registro-5-35-131660;registro-5-36-445626;registro-5-37-199258;registro-5-38-621215;registro-5-39-192468;registro-5-40-942955;registro-5-41-595200;registro-5-42-864024;registro-5-43-982990;registro-5-44-643359;registro-5-45-847348;registro-5-46-85082;registro-5-47-817406;registro-5-48-335722;registro-5-49-187794;registro-5-50-679635;registro-5-51-942984;registro-5-52-24975;registro-5-53-18063;registro-5-54-411742;registro-5-55-493729;registro-5-56-533280;registro-5-57-397241;registro-5-58-718724;registro-5-59-448130;registro-5-60-792482;registro-5-61-165012;registro-5-62-2418;registro-5-63-796104;registro-5-64-763327;registro-5-65-854665;registro-5-66-275856;registro-5-67-656890;registro-5-68-299448;registro-5-69-63379;registro-5-70-117428;registro-5-71-281394;registro-5-72-496343;registro-5-73-369009;registro-5-74-139669;registro-5-75-294380;registro-5-76-453967;registro-5-77-971628;registro-5-78-875499;registro-5-79-457259;registro-5-80-763867;registro-5-81-589626;registro-5-82-173818;registro-5-83-555070;registro-5-84-147516;registro-5-85-630842;registro-5-86-753423;registro-5-87-188177;registro-5-88-929623;registro-5-89-266148;registro-5-90-241252;registro-5-91-35925;registro-5-92-697381;registro-5-93-17638;registro-5-94-944350;registro-5-95-318302;registro-5-96-249435;registro-5-97-112102;registro-5-98-379143;registro-5-99-133613;registro-5-100-10712;registro-5-101-593324;registro-5-102-691486;registro-5-103-823823;registro-5-104-818146;registro-5-105-658609;registro-5-106-200002;registro-5-107-55812;registro-5-108-96746;registro-5-109-403010;registro-5-110-927585;registro-5-111-636133;registro-5-112-396141;registro-5-113-323911;registro-5-114-424541;registro-5-115-19166;registro-5-116-564788;registro-5-117-41514;registro-5-118-609547;registro-5-119-649790;registro-5-120-227829;registro-5-121-967305;registro-5-122-996295;registro-5-123-837761;registro-5-124-824639;registro-5-125-757177;registro-5-126-198256;registro-5-127-119144;registro-5-128-548775;registro-5-129-271019;registro-5-130-642252;registro-5-131-636921;registro-5-132-355643;registro-5-133-874985;registro-5-134-462801;registro-5-135-799420;registro-5-136-837508;registro-5-137-277169;registro-5-138-101588;registro-5-139-712285;registro-5-140-309107;registro-5-141-335572;registro-5-142-109654;registro-5-143-54733;registro-5-144-218044;registro-5-145-851132;registro-5-146-919082;registro-5-147-323664;registro-5-148-241952;registro-5-149-339764;registro-5-150-117560;registro-5-151-434157;registro-5-152-442065;registro-5-153-665881;registro-5-154-218066
12/08/2024;19/03/2024;17/04/2024;21/03/2024;07/04/2024;670,09;193,30;131,75;171,05;135,83;64,25;818,44;716,84;473,33;787,26;858,43;43,02;179,24;224,21;969,01;786,60;179,98;616,37;448,07;328,05;697,30;319,05;162,08;126,50;421,52;671,00;450,43;206,56;350,52;321,15;933,11;872,65;337,49;866,91;967,18;588,90;228,01;742,05;774,95;648,05;Centro-Oeste;Nordeste;Nordeste;Centro-Oeste;Sudeste;Nordeste;Sul;Sul;Centro-Oeste;Norte;registro-6-0-519452;registro-6-1-900571;registro-6-2-382693;registro-6-3-7471;registro-6-4-493312;registro-6-5-67478;registro-6-6-5766;registro-6-7-448864;registro-6-8-400061;registro-6-9-309701;registro-6-10-86176;registro-6-11-551728;registro-6-12-761101;registro-6-13-915755;registro-6-14-539210;registro-6-15-752053;registro-6-16-643933;registro-6-17-25256;registro-6-18-488478;registro-6-19-488940;registro-6-20-479646;registro-6-21-517918;registro-6-22-27934;registro-6-23-253027;registro-6-24-344340;registro-6-25-347162;registro-6-26-627896;registro-6-27-50662;registro-6-28-562407;registro-6-29-869034;registro-6-30-535294;registro-6-31-835535;registro-6-32-336461;registro-6-33-750193;registro-6-34-311098;registro-6-35-412876;registro-6-36-363319;registro-6-37-715733;registro-6-38-206318;registro-6-39-490858;registro-6-40-644223;registro-6-41-944457;registro-6-42-489281;registro-6-43-682780;registro-6-44-304402;registro-6-45-361014;registro-6-46-710434;registro-6-47-776766;registro-6-48-271588;registro-6-49-553816;registro-6-50-604805;registro-6-51-63990;registro-6-52-864140;registro-6-53-111353;registro-6-54-30396;registro-6-55-982811;registro-6-56-855262;registro-6-57-208901;registro-6-58-587057;registro-6-59-581530;registro-6-60-866474;registro-6-61-250815;registro-6-62-991963;registro-6-63-73185;registro-6-64-31662;registro-6-65-762115;registro-6-66-217833;registro-6-67-167103;registro-6-68-409050;registro-6-69-17586;registro-6-70-688709;registro-6-71-816104;registro-6-72-691518;registro-6-73-323355;registro-6-74-890545;registro-6-75-814668;registro-6-76-106258;registro-6-77-300480;registro-6-78-769857;registro-6-79-775695;registro-6-80-348987;registro-6-81-222172;registro-6-82-535585;registro-6-83-684004;registro-6-84-741241;registro-6-85-453967;registro-6-86-168702;registro-6-87-956848;registro-6-88-273862;registro-6-89-397145;registro-6-90-557691;registro-6-91-826665;registro-6-92-23770;registro-6-93-309041;registro-6-94-465105;registro-6-95-861303;registro-6-96-834024;registro-6-97-655546;registro-6-98-847902;registro-6-99-281515;registro-6-100-426172;registro-6-101-207472;registro-6-102-859362;registro-6-103-238214;registro-6-104-833109;registro-6-105-612552;registro-6-106-817952;registro-6-107-998979;registro-6-108-361338;registro-6-109-818924;registro-6-110-634690;registro-6-111-150388;registro-6-112-702826;registro-6-113-258498;registro-6-114-239544;registro-6-115-766598;registro-6-116-116647;registro-6-117-489213;registro-6-118-388592;registro-6-119-101777;registro-6-120-401180;registro-6-121-334281;registro-6-122-279604;registro-6-123-654283;registro-6-124-701771;registro-6-125-247615;registro-6-126-784170;registro-6-127-329732;registro-6-128-198799;registro-6-129-585815;registro-6-130-205167;registro-6-131-952600;registro-6-132-349337;registro-6-133-578482;registro-6-134-623651;registro-6-135-998335;registro-6-136-16558;registro-6-137-375891;registro-6-138-981704;registro-6-139-488433;registro-6-140-89095;registro-6-141-584716;registro-6-142-49380;registro-6-143-984069;registro-6-144-310841;registro-6-145-739549;registro-6-146-786601;registro-6-147-813156;registro-6-148-834122;registro-6-149-154142;registro-6-150-65100;registro-6-151-637008;registro-6-152-349842;registro-6-153-279275;registro-6-154-772132
04/01/2024;19/04/2024;15/05/2024;15/12/2024;11/07/2024;775,08;518,37;444,79;615,83;318,47;703,20;694,33;98,72;822,74;292,13;859,92;490,75;444,64;397,20;179,19;208,08;973,39;301,93;224,88;701,13;71,13;800,17;256,01;346,33;424,47;881,56;711,66;438,00;826,34;393,33;561,23;279,54;527,42;829,79;263,71;900,26;721,04;267,10;121,83;298,21;Sul;Centro-Oeste;Sudeste;Sul;Sudeste;Norte;Nordeste;Nordeste;Sudeste;Centro-Oeste;registro-7-0-850468;registro-7-1-85996;registro-7-2-353570;registro-7-3-633242;registro-7-4-539755;registro-7-5-105555;registro-7-6-166395;registro-7-7-50573;registro-7-8-836499;registro-7-9-480948;registro-7-10-77731;registro-7-11-380758;registro-7-12-72152;registro-7-13-269085;registro-7-14-101081;registro-7-15-575392;registro-7-16-24219;registro-7-17-558093;registro-7-18-933067;registro-7-19-389698;registro-7-20-664398;registro-7-21-319607;registro-7-22-442421;registro-7-23-682682;registro-7-24-904343;registro-7-25-684490;registro-7-26-206902;registro-7-27-159504;registro-7-28-944934;registro-7-29-182254;registro-7-30-333839;registro-7-31-479824;registro-7-32-674123;registro-7-33-182084;registro-7-34-823493;registro-7-35-330629;registro-7-36-795440;registro-7-37-62414;registro-7-38-339283;registro-7-39-171903;registro-7-40-812446;registro-7-41-828326;registro-7-42-726240;registro-7-43-269269;registro-7-44-284119;registro-7-45-545799;registro-7-46-913119;registro-7-47-722978;registro-7-48-892658;registro-7-49-694972;registro-7-50-374228;registro-7-51-911611;registro-7-52-576699;registro-7-53-667449;registro-7-54-294138;registro-7-55-453332;registro-7-56-216122;registro-7-57-870456;registro-7-58-447862;registro-7-59-37198;registro-7-60-446932;registro-7-61-631269;registro-7-62-246852;registro-7-63-565172;registro-7-64-712173;registro-7-65-306600;registro-7-66-869663;registro-7-67-728845;registro-7-68-783042;registro-7-69-152463;registro-7-70-267986;registro-7-71-748219;registro-7-72-525512;registro-7-73-169121;registro-7-74-85883;registro-7-75-238867;registro-7-76-49114;registro-7-77-425371;registro-7-78-222596;registro-7-79-733891;registro-7-80-3172;registro-7-81-876074;registro-7-82-221045;registro-7-83-6122;registro-7-84-564202;registro-7-85-627012;registro-7-86-521347;registro-7-87-633914;registro-7-88-962601;registro-7-89-77835;registro-7-90-441309;registro-7-91-346886;registro-7-92-817973;registro-7-93-571675;registro-7-94-400015;registro-7-95-742844;registro-7-96-465670;registro-7-97-393353;registro-7-98-232466;registro-7-99-858895;registro-7-100-303297;registro-7-101-192540;registro-7-102-954705;registro-7-103-527198;registro-7-104-274532;registro-7-105-383893;registro-7-106-393564;registro-7-107-437472;registro-7-108-355781;registro-7-109-124825;registro-7-110-594656;registro-7-111-144182;registro-7-112-242481;registro-7-113-232279;registro-7-114-380733;registro-7-115-49698;registro-7-116-178408;registro-7-117-922241;registro-7-118-259237;registro-7-119-858528;registro-7-120-965026;registro-7-121-745646;registro-7-122-370782;registro-7-123-858792;registro-7-124-749576;registro-7-125-650236;registro-7-126-336393;registro-7-127-920883;registro-7-128-867194;registro-7-129-578081;registro-7-130-180482;registro-7-131-205937;registro-7-132-268675;registro-7-133-153027;registro-7-134-631254;registro-7-135-348795;registro-7-136-153763;registro-7-137-940968;registro-7-138-234973;registro-7-139-775535;registro-7-140-413769;registro-7-141-481908;registro-7-142-82215;registro-7-143-758109;registro-7-144-617845;registro-7-145-234817;registro-7-146-431051;registro-7-147-353354;registro-7-148-570184;registro-7-149-799112;registro-7-150-175858;registro-7-151-536794;registro-7-152-617419;registro-7-153-149681;registro-7-154-245812
15/03/2024;14/08/2024;02/08/2024;08/06/2024;27/02/2024;107,53;726,13;477,98;928,62;201,64;975,83;149,75;821,46;332,33;926,23;934,82;578,08;54,63;284,81;852,07;703,55;415,52;162,97;175,82;433,84;965,29;558,49;333,49;39,12;74,44;10,47;352,69;90,58;526,10;921,18;769,82;179,57;541,97;243,97;354,65;498,77;740,24;769,46;36,92;934,57;Sudeste;Norte;Sul;Sul;Centro-Oeste;Centro-Oeste;Sul;Centro-Oeste;Nordeste;Norte;registro-8-0-923088;registro-8-1-487067;registro-8-2-924365;registro-8-3-249791;registro-8-4-776708;registro-8-5-876431;registro-8-6-440263;registro-8-7-178935;registro-8-8-448902;registro-8-9-643194;registro-8-10-758467;registro-8-11-479038;registro-8-12-249257;registro-8-13-308092;registro-8-14-413981;registro-8-15-728866;registro-8-16-552811;registro-8-17-272489;registro-8-18-121192;registro-8-19-894893;registro-8-20-265595;registro-8-21-86771;registro-8-22-400869;registro-8-23-743849;registro-8-24-699450;registro-8-25-795477;registro-8-26-237070;registro-8-27-603148;registro-8-28-726888;registro-8-29-444296;registro-8-30-26257;registro-8-31-497865;registro-8-32-429261;registro-8-33-103001;registro-8-34-485824;registro-8-35-238246;registro-8-36-684836;registro-8-37-873940;registro-8-38-27046;registro-8-39-752977;registro-8-40-602358;registro-8-41-35190;registro-8-42-570594;registro-8-43-71068;registro-8-44-25501;registro-8-45-573017;registro-8-46-79182;registro-8-47-526027;registro-8-48-346506;registro-8-49-102620;registro-8-50-925593;registro-8-51-699804;registro-8-52-221057;registro-8-53-679300;registro-8-54-949611;registro-8-55-107038;registro-8-56-712660;registro-8-57-856651;registro-8-58-86816;registro-8-59-475042;registro-8-60-660982;registro-8-61-34610;registro-8-62-929267;registro-8-63-150810;registro-8-64-14301;registro-8-65-711597;registro-8-66-356312;registro-8-67-467586;registro-8-68-135977;registro-8-69-551656;registro-8-70-650814;registro-8-71-443084;registro-8-72-164059;registro-8-73-249645;registro-8-74-261010;registro-8-75-873261;registro-8-76-42245;registro-8-77-723161;registro-8-78-357647;registro-8-79-822541;registro-8-80-183223;registro-8-81-533451;registro-8-82-132467;registro-8-83-893920;registro-8-84-841590;registro-8-85-972325;registro-8-86-799824;registro-8-87-307996;registro-8-88-450021;registro-8-89-188750;registro-8-90-713385;registro-8-91-506846;registro-8-92-277812;registro-8-93-953685;registro-8-94-451945;registro-8-95-27965;registro-8-96-767192;registro-8-97-9994;registro-8-98-856792;registro-8-99-295499;registro-8-100-802449;registro-8-101-845197;registro-8-102-86705;registro-8-103-852536;registro-8-104-328713;registro-8-105-405011;registro-8-106-932212;registro-8-107-487717;registro-8-108-535490;registro-8-109-128337;registro-8-110-392881;registro-8-111-467790;registro-8-112-483418;registro-8-113-368983;registro-8-114-497702;registro-8-115-901540;registro-8-116-385231;registro-8-117-578765;registro-8-118-783823;registro-8-119-860254;registro-8-120-976803;registro-8-121-65952;registro-8-122-525816;registro-8-123-240037;registro-8-124-146408;registro-8-125-68708;registro-8-126-286510;registro-8-127-531150;registro-8-128-717902;registro-8-129-144217;registro-8-130-276649;registro-8-131-981760;registro-8-132-390906;registro-8-133-48545;registro-8-134-457709;registro-8-135-139262;registro-8-136-542914;registro-8-137-252347;registro-8-138-344110;registro-8-139-554827;registro-8-140-499077;registro-8-141-64324;registro-8-142-914099;registro-8-143-596254;registro-8-144-494907;registro-8-145-304725;registro-8-146-329014;registro-8-147-53974;registro-8-148-885389;registro-8-149-648129;registro-8-150-370238;registro-8-151-899437;registro-8-152-389811;registro-8-153-370808;registro-8-154-599295
19/10/2024;11/08/2024;04/05/2024;26/07/2024;17/07/2024;50,39;582,73;689,15;895,58;966,99;717,57;714,75;222,31;124,93;217,65;927,97;210,51;963,64;782,37;293,52;159,30;921,88;721,95;974,96;926,30;931,94;916,82;111,56;700,77;802,62;271,64;288,48;120,15;444,51;625,90;721,65;466,49;487,51;879,75;901,79;666,36;798,84;83,01;222,98;659,49;Centro-Oeste;Nordeste;Nordeste;Nordeste;Sul;Nordeste;Nordeste;Centro-Oeste;Centro-Oeste;Sudeste;registro-9-0-9670;registro-9-1-846840;registro-9-2-978250;registro-9-3-888291;registro-9-4-797692;registro-9-5-840363;registro-9-6-550118;registro-9-7-300126;registro-9-8-203301;registro-9-9-254884;registro-9-10-760769;registro-9-11-301896;registro-9-12-190715;registro-9-13-951649;registro-9-14-286321;registro-9-15-828109;registro-9-16-663669;registro-9-17-92824;registro-9-18-600633;registro-9-19-657072;registro-9-20-32241;registro-9-21-868320;registro-9-22-9495;registro-9-23-323807;registro-9-24-41856;registro-9-25-911218;registro-9-26-976948;registro-9-27-525552;registro-9-28-75486;registro-9-29-108178;registro-9-30-351887;registro-9-31-949783;registro-9-32-123728;registro-9-33-30088;registro-9-34-419698;registro-9-35-655562;registro-9-36-252790;registro-9-37-425354;registro-9-38-127952;registro-9-39-805331;registro-9-40-548894;registro-9-41-567677;registro-9-42-488325;registro-9-43-902688;registro-9-44-388854;registro-9-45-196570;registro-9-46-521049;registro-9-47-547392;registro-9-48-631157;registro-9-49-131663;registro-9-50-529530;registro-9-51-146677;registro-9-52-232285;registro-9-53-309029;registro-9-54-437964;registro-9-55-214616;registro-9-56-90031;registro-9-57-101868;registro-9-58-690016;registro-9-59-682932;registro-9-60-720104;registro-9-61-581649;registro-9-62-134839;registro-9-63-588040;registro-9-64-200662;registro-9-65-256211;registro-9-66-413281;registro-9-67-777222;registro-9-68-321620;registro-9-69-134373;registro-9-70-948733;registro-9-71-182116;registro-9-72-379609;registro-9-73-969993;registro-9-74-110606;registro-9-75-511895;registro-9-76-131114;registro-9-77-895051;registro-9-78-595446;registro-9-79-553930;registro-9-80-959020;registro-9-81-154690;registro-9-82-51774;registro-9-83-377227;registro-9-84-81233;registro-9-85-815074;registro-9-86-322602;registro-9-87-260821;registro-9-88-635098;registro-9-89-746733;registro-9-90-796807;registro-9-91-874949;registro-9-92-485219;registro-9-93-616904;registro-9-94-211808;registro-9-95-848330;registro-9-96-943725;registro-9-97-826399;registro-9-98-704585;registro-9-99-727369;registro-9-100-94343;registro-9-101-25944;registro-9-102-104992;registro-9-103-381969;registro-9-104-180935;registro-9-105-425723;registro-9-106-550127;registro-9-107-199643;registro-9-108-856570;registro-9-109-922376;registro-9-110-805660;registro-9-111-740800;registro-9-112-808822;registro-9-113-731985;registro-9-114-314701;registro-9-115-753595;registro-9-116-683891;registro-9-117-485563;registro-9-118-903942;registro-9-119-945711;registro-9-120-792480;registro-9-121-630376;registro-9-122-325336;registro-9-123-280038;registro-9-124-89668;registro-9-125-269941;registro-9-126-749404;registro-9-127-55986;registro-9-128-239778;registro-9-129-318447;registro-9-130-835865;registro-9-131-936661;registro-9-132-633826;registro-9-133-250353;registro-9-134-379976;registro-9-135-435093;registro-9-136-156291;registro-9-137-275183;registro-9-138-276482;registro-9-139-865074;registro-9-140-840211;registro-9-141-232953;registro-9-142-620165;registro-9-143-630857;registro-9-144-975383;registro-9-145-279726;registro-9-146-809478;registro-9-147-905065;registro-9-148-250782;registro-9-149-450479;registro-9-150-27076;registro-9-151-619337;registro-9-152-457001;registro-9-153-597857;registro-9-154-309536
13/09/2024;09/04/2024;01/03/2024;13/05/2024;02/02/2024;333,41;367,86;447,26;794,88;204,52;3,91;875,06;926,57;194,54;931,53;434,13;715,71;761,43;179,37;504,77;641,92;867,94;899,51;950,83;573,14;992,12;134,75;806,52;148,64;992,50;978,39;743,98;766,85;439,24;118,80;359,79;626,28;437,00;112,57;75,03;719,12;821,06;553,06;779,95;609,13;Centro-Oeste;Centro-Oeste;Sul;Sul;Centro-Oeste;Nordeste;Sudeste;Centro-Oeste;Sul;Norte;registro-10-0-975971;registro-10-1-722033;registro-10-2-391598;registro-10-3-2135;registro-10-4-494957;registro-10-5-935510;registro-10-6-898495;registro-10-7-874118;registro-10-8-84715;registro-10-9-366452;registro-10-10-319095;registro-10-11-531867;registro-10-12-665654;registro-10-13-763294;registro-10-14-904401;registro-10-15-473794;registro-10-16-483153;registro-10-17-443945;registro-10-18-78727;registro-10-19-165752;registro-10-20-550671;registro-10-21-285826;registro-10-22-265857;registro-10-23-223515;registro-10-24-494447;registro-10-25-762495;registro-10-26-609283;registro-10-27-133044;registro-10-28-611;registro-10-29-84766;registro-10-30-532360;registro-10-31-904489;registro-10-32-636774;registro-10-33-910675;registro-10-34-467839;registro-10-35-331252;registro-10-36-18257;registro-10-37-196432;registro-10-38-638832;registro-10-39-479727;registro-10-40-569674;registro-10-41-127584;registro-10-42-213888;registro-10-43-17883;registro-10-44-916206;registro-10-45-226129;registro-10-46-654080;registro-10-47-635794;registro-10-48-23253;registro-10-49-836532;registro-10-50-390541;registro-10-51-639543;registro-10-52-414792;registro-10-53-401553;registro-10-54-656946;registro-10-55-4848;registro-10-56-392211;registro-10-57-567201;registro-10-58-6085;registro-10-59-797839;registro-10-60-667586;registro-10-61-502026;registro-10-62-611477;registro-10-63-868032;registro-10-64-286882;registro-10-65-840155;registro-10-66-978285;registro-10-67-20996;registro-10-68-538579;registro-10-69-95879;registro-10-70-348826;registro-10-71-400123;registro-10-72-929251;registro-10-73-661532;registro-10-74-358846;registro-10-75-265219;registro-10-76-694348;registro-10-77-757264;registro-10-78-614894;registro-10-79-194980;registro-10-80-773745;registro-10-81-952196;registro-10-82-287141;registro-10-83-597386;registro-10-84-502422;registro-10-85-534643;registro-10-86-576604;registro-10-87-646904;registro-10-88-187057;registro-10-89-454798;registro-10-90-907254;registro-10-91-367230;registro-10-92-112249;registro-10-93-429963;registro-10-94-378061;registro-10-95-283689;registro-10-96-81148;registro-10-97-158438;registro-10-98-288679;registro-10-99-286122;registro-10-100-676768;registro-10-101-24662;registro-10-102-934947;registro-10-103-128215;registro-10-104-589880;registro-10-105-453484;registro-10-106-533287;registro-10-107-550417;registro-10-108-20307;registro-10-109-316699;registro-10-110-817062;registro-10-111-513562;registro-10-112-212612;registro-10-113-860525;registro-10-114-449650;registro-10-115-513403;registro-10-116-234955;registro-10-117-582354;registro-10-118-944534;registro-10-119-62987;registro-10-120-672313;registro-10-121-682938;registro-10-122-831327;registro-10-123-909522;registro-10-124-197872;registro-10-125-277936;registro-10-126-981565;registro-10-127-492251;registro-10-128-56286;registro-10-129-945326;registro-10-130-838589;registro-10-131-493433;registro-10-132-249198;registro-10-133-420251;registro-10-134-597055;registro-10-135-479782;registro-10-136-430196;registro-10-137-564056;registro-10-138-11009;registro-10-139-679846;registro-10-140-135612;registro-10-141-339728;registro-10-142-689245;registro-10-143-521978;registro-10-144-911370;registro-10-145-857528;registro-10-146-504908;registro-10-147-75662;registro-10-148-729748;registro-10-149-828955;registro-10-150-116865;registro-10-151-298126;registro-10-152-916724;registro-10-153-696869;registro-10-154-430987
02/03/2024;07/05/2024;23/05/2024;04/11/2024;26/04/2024;499,94;146,80;725,04;108,06;365,96;995,87;146,77;802,10;686,45;644,19;826,39;792,38;286,90;215,78;935,61;902,95;146,08;720,71;922,01;579,10;185,98;534,14;381,67;553,19;241,50;415,59;458,13;506,84;998,78;730,97;716,04;375,28;527,86;305,18;999,53;65,09;724,32;457,86;174,96;629,91;Centro-Oeste;Centro-Oeste;Sul;Sudeste;Sul;Sul;Nordeste;Norte;Sul;Norte;registro-11-0-252175;registro-11-1-45470;registro-11-2-80237;registro-11-3-790568;registro-11-4-337511;registro-11-5-58146;registro-11-6-630356;registro-11-7-639958;registro-11-8-671629;registro-11-9-93743;registro-11-10-206069;registro-11-11-308755;registro-11-12-416334;registro-11-13-61024;registro-11-14-644782;registro-11-15-675039;registro-11-16-210932;registro-11-17-824385;registro-11-18-505803;registro-11-19-728887;registro-11-20-773312;registro-11-21-122178;registro-11-22-992076;registro-11-23-765449;registro-11-24-831560;registro-11-25-278444;registro-11-26-977482;registro-11-27-698558;registro-11-28-366644;registro-11-29-655309;registro-11-30-803856;registro-11-31-310439;registro-11-32-606623;registro-11-33-209481;registro-11-34-425457;registro-11-35-583136;registro-11-36-806959;registro-11-37-315246;registro-11-38-754901;registro-11-39-17365;registro-11-40-570526;registro-11-41-975722;registro-11-42-751150;registro-11-43-288263;registro-11-44-409773;registro-11-45-457048;registro-11-46-108129;registro-11-47-363077;registro-11-48-334611;registro-11-49-203707;registro-11-50-218056;registro-11-51-636994;registro-11-52-986906;registro-11-53-559877;registro-11-54-605551;registro-11-55-89807;registro-11-56-12465;registro-11-57-584630;registro-11-58-365;registro-11-59-859739;registro-11-60-427733;registro-11-61-425979;registro-11-62-195647;registro-11-63-831710;registro-11-64-948290;registro-11-65-410628;registro-11-66-457567;registro-11-67-777712;registro-11-68-518990;registro-11-69-598340;registro-11-70-395683;registro-11-71-584122;registro-11-72-59264;registro-11-73-922740;registro-11-74-510758;registro-11-75-969938;registro-11-76-799353;registro-11-77-345760;registro-11-78-428998;registro-11-79-966257;registro-11-80-392245;registro-11-81-332283;registro-11-82-344735;registro-11-83-721060;registro-11-84-66130;registro-11-85-428364;registro-11-86-745873;registro-11-87-628481;registro-11-88-310529;registro-11-89-107165;registro-11-90-232737;registro-11-91-36132;registro-11-92-16043;registro-11-93-99969;registro-11-94-536975;registro-11-95-75821;registro-11-96-101552;registro-11-97-269824;registro-11-98-255187;registro-11-99-789733;registro-11-100-163346;registro-11-101-75555;registro-11-102-374073;registro-11-103-383712;registro-11-104-125162;registro-11-105-52421;registro-11-106-482009;registro-11-107-566179;registro-11-108-382051;registro-11-109-845131;registro-11-110-538373;registro-11-111-437400;registro-11-112-146957;registro-11-113-111479;registro-11-114-142180;registro-11-115-857853;registro-11-116-472422;registro-11-117-855005;registro-11-118-592159;registro-11-119-577304;registro-11-120-950743;registro-11-121-607236;registro-11-122-645951;registro-11-123-40138;registro-11-124-757006;registro-11-125-336201;registro-11-126-345158;registro-11-127-975950;registro-11-128-952264;registro-11-129-173036;registro-11-130-608254;registro-11-131-383641;registro-11-132-690972;registro-11-133-674243;registro-11-134-746059;registro-11-135-782740;registro-11-136-658622;registro-11-137-422448;registro-11-138-711557;registro-11-139-335495;registro-11-140-577901;registro-11-141-38909;registro-11-142-645042;registro-11-143-51782;registro-11-144-487963;registro-11-145-957591;registro-11-146-426995;registro-11-147-708458;registro-11-148-456544;registro-11-149-350751;registro-11-150-647631;registro-11-151-174814;registro-11-152-241527;registro-11-153-85360;registro-11-154-682941
13/02/2024;25/06/2024;05/01/2024;11/05/2024;08/06/2024;665,61;209,12;71,09;301,13;635,13;641,39;160,30;382,00;391,93;615,99;843,45;445,65;926,59;203,33;106,61;22,16;285,63;356,28;614,89;971,56;440,34;176,05;787,64;700,13;174,43;429,58;704,66;611,32;299,16;764,66;547,18;918,84;338,15;643,90;934,50;172,03;768,62;144,21;544,94;223,33;Centro-Oeste;Sul;Sul;Sul;Nordeste;Sul;Sul;Centro-Oeste;Norte;Norte;registro-12-0-40903;registro-12-1-707714;registro-12-2-712191;registro-12-3-795392;registro-12-4-960921;registro-12-5-41695;registro-12-6-497462;registro-12-7-562370;registro-12-8-356329;registro-12-9-111499;registro-12-10-334875;registro-12-11-875573;registro-12-12-552914;registro-12-13-643283;registro-12-14-611204;registro-12-15-691282;registro-12-16-25650;registro-12-17-271156;registro-12-18-683128;registro-12-19-69491;registro-12-20-205034;registro-12-21-11543;registro-12-22-78218;registro-12-23-340870;registro-12-24-109694;registro-12-25-313293;registro-12-26-429327;registro-12-27-242554;registro-12-28-145007;registro-12-29-320541;registro-12-30-931768;registro-12-31-491350;registro-12-32-587448;registro-12-33-195913;registro-12-34-601627;registro-12-35-259625;registro-12-36-22666;registro-12-37-534714;registro-12-38-872074;registro-12-39-582989;registro-12-40-812723;registro-12-41-637763;registro-12-42-641031;registro-12-43-185449;registro-12-44-669434;registro-12-45-950463;registro-12-46-728042;registro-12-47-812800;registro-12-48-620248;registro-12-49-386517;registro-12-50-888812;registro-12-51-100447;registro-12-52-214032;registro-12-53-181873;registro-12-54-294584;registro-12-55-928237;registro-12-56-387747;registro-12-57-789070;registro-12-58-710261;registro-12-59-788369;registro-12-60-12276;registro-12-61-205492;registro-12-62-738955;registro-12-63-486728;registro-12-64-100745;registro-12-65-32750;registro-12-66-835945;registro-12-67-45002;registro-12-68-300441;registro-12-69-257639;registro-12-70-916097;registro-12-71-94538;registro-12-72-727526;registro-12-73-917365;registro-12-74-760673;registro-12-75-845252;registro-12-76-947227;registro-12-77-289008;registro-12-78-238517;registro-12-79-524024;registro-12-80-539439;registro-12-81-896582;registro-12-82-961740;registro-12-83-64630;registro-12-84-984528;registro-12-85-92583;registro-12-86-78536;registro-12-87-575880;registro-12-88-517685;registro-12-89-757549;registro-12-90-14091;registro-12-91-111958;registro-12-92-245214;registro-12-93-667349;registro-12-94-331151;registro-12-95-590878;registro-12-96-139455;registro-12-97-906934;registro-12-98-468987;registro-12-99-687070;registro-12-100-825050;registro-12-101-986694;registro-12-102-509993;registro-12-103-765572;registro-12-104-775050;registro-12-105-807133;registro-12-106-697791;registro-12-107-176911;registro-12-108-224261;registro-12-109-506119;registro-12-110-769078;registro-12-111-954735;registro-12-112-506240;registro-12-113-698908;registro-12-114-18563;registro-12-115-365399;registro-12-116-675835;registro-12-117-27999;registro-12-118-55018;registro-12-119-407789;registro-12-120-173652;registro-12-121-452530;registro-12-122-851246;registro-12-123-611346;registro-12-124-574294;registro-12-125-375261;registro-12-126-321993;registro-12-127-48745;registro-12-128-482221;registro-12-129-954112;registro-12-130-931228;registro-12-131-375901;registro-12-132-442381;registro-12-133-29975;registro-12-134-530361;registro-12-135-436266;registro-12-136-759928;registro-12-137-312118;registro-12-138-502274;registro-12-139-638944;registro-12-140-439795;registro-12-141-497677;registro-12-142-456647;registro-12-143-73740;registro-12-144-326632;registro-12-145-911555;registro-12-146-166909;registro-12-147-960640;registro-12-148-402013;registro-12-149-283566;registro-12-150-236196;registro-12-151-170423;registro-12-152-533013;registro-12-153-909275;registro-12-154-113820
04/08/2024;03/04/2024;12/09/2024;05/01/2024;25/02/2024;71,03;484,50;978,42;904,98;565,85;133,07;472,82;776,71;58,87;928,36;641,97;97,24;924,28;297,06;781,93;126,42;832,70;636,69;154,53;990,21;151,64;739,68;770,58;73,70;351,00;535,10;796,39;928,36;8,31;315,28;861,08;96,33;287,64;652,81;210,15;202,45;550,46;164,73;716,39;13,06;Norte;Sul;Sudeste;Nordeste;Sul;Nordeste;Nordeste;Nordeste;Sudeste;Nordeste;registro-13-0-494350;registro-13-1-24387;registro-13-2-772829;registro-13-3-460239;registro-13-4-374453;registro-13-5-479552;registro-13-6-243715;registro-13-7-272539;registro-13-8-166100;registro-13-9-625516;registro-13-10-893611;registro-13-11-250671;registro-13-12-827973;registro-13-13-694807;registro-13-14-989737;registro-13-15-683544;registro-13-16-114621;registro-13-17-222620;registro-13-18-277807;registro-13-19-306853;registro-13-20-543962;registro-13-21-208591;registro-13-22-587845;registro-13-23-245422;registro-13-24-795524;registro-13-25-395148;registro-13-26-467700;registro-13-27-785802;registro-13-28-264379;registro-13-29-845059;registro-13-30-583207;registro-13-31-72368;registro-13-32-895557;registro-13-33-141119;registro-13-34-594771;registro-13-35-835960;registro-13-36-928914;registro-13-37-232060;registro-13-38-304502;registro-13-39-183026;registro-13-40-494307;registro-13-41-724361;registro-13-42-152033;registro-13-43-958457;registro-13-44-101178;registro-13-45-327646;registro-13-46-889731;registro-13-47-114662;registro-13-48-621669;registro-13-49-3475;registro-13-50-468452;registro-13-51-607257;registro-13-52-894743;registro-13-53-398674;registro-13-54-572276;registro-13-55-712574;registro-13-56-242453;registro-13-57-365433;registro-13-58-74575;registro-13-59-148602;registro-13-60-705159;registro-13-61-32106;registro-13-62-547262;registro-13-63-717420;registro-13-64-353681;registro-13-65-762577;registro-13-66-604455;registro-13-67-665729;registro-13-68-802364;registro-13-69-216853;registro-13-70-336264;registro-13-71-344708;registro-13-72-684946;registro-13-73-510592;registro-13-74-388374;registro-13-75-489938;registro-13-76-954397;registro-13-77-781157;registro-13-78-22541;registro-13-79-155125;registro-13-80-206977;registro-13-81-198574;registro-13-82-257385;registro-13-83-44724;registro-13-84-533443;registro-13-85-655389;registro-13-86-461466;registro-13-87-247391;registro-13-88-708913;registro-13-89-366088;registro-13-90-416923;registro-13-91-221381;registro-13-92-745837;registro-13-93-833825;registro-13-94-180303;registro-13-95-303389;registro-13-96-762839;registro-13-97-896321;registro-13-98-866947;registro-13-99-944761;registro-13-100-771417;registro-13-101-853713;registro-13-102-170889;registro-13-103-932808;registro-13-104-421248;registro-13-105-29854;registro-13-106-769312;registro-13-107-395669;registro-13-108-615333;registro-13-109-51832;registro-13-110-885067;registro-13-111-877202;registro-13-112-108047;registro-13-113-720100;registro-13-114-990915;registro-13-115-454989;registro-13-116-46394;registro-13-117-557870;registro-13-118-715066;registro-13-119-500548;registro-13-120-683752;registro-13-121-686454;registro-13-122-501750;registro-13-123-505944;registro-13-124-767021;registro-13-125-230562;registro-13-126-296765;registro-13-127-666143;registro-13-128-608469;registro-13-129-179380;registro-13-130-867708;registro-13-131-812051;registro-13-132-764185;registro-13-133-939087;registro-13-134-892857;registro-13-135-423873;registro-13-136-567055;registro-13-137-405997;registro-13-138-283053;registro-13-139-635885;registro-13-140-368673;registro-13-141-752148;registro-13-142-213746;registro-13-143-402675;registro-13-144-356651;registro-13-145-389742;registro-13-146-893693;registro-13-147-344380;registro-13-148-901332;registro-13-149-461203;registro-13-150-110646;registro-13-151-615334;registro-13-152-234759;registro-13-153-937357;registro-13-154-699126
05/01/2024;12/05/2024;12/10/2024;21/06/2024;09/09/2024;317,31;351,27;499,65;818,82;968,29;38,35;12,51;306,61;728,51;141,86;423,52;902,94;472,91;335,30;890,95;819,79;956,19;16,39;949,45;779,93;220,82;85,99;708,20;79,80;524,45;18,72;244,52;413,33;568,47;403,93;674,00;366,40;21,99;394,79;734,62;103,61;232,54;68,21;768,16;870,76;Sul;Norte;Centro-Oeste;Centro-Oeste;Sul;Norte;Nordeste;Sudeste;Sul;Sul;registro-14-0-965348;registro-14-1-573158;registro-14-2-199938;registro-14-3-197236;registro-14-4-466331;registro-14-5-861071;registro-14-6-887542;registro-14-7-96750;registro-14-8-500573;registro-14-9-565231;registro-14-10-698550;registro-14-11-664200;registro-14-12-83389;registro-14-13-952966;registro-14-14-898827;registro-14-15-135783;registro-14-16-244221;registro-14-17-1139;registro-14-18-259232;registro-14-19-727329;registro-14-20-413343;registro-14-21-143114;registro-14-22-248663;registro-14-23-740415;registro-14-24-24198;registro-14-25-731739;registro-14-26-246076;registro-14-27-377385;registro-14-28-87182;registro-14-29-376727;registro-14-30-407272;registro-14-31-708216;registro-14-32-892495;registro-14-33-295849;registro-14-34-552905;registro-14-35-95961;registro-14-36-146924;registro-14-37-851459;registro-14-38-576353;registro-14-39-887728;registro-14-40-856863;registro-14-41-685968;registro-14-42-134626;registro-14-43-341082;registro-14-44-730066;registro-14-45-741831;registro-14-46-135300;registro-14-47-256612;registro-14-48-405719;registro-14-49-839958;registro-14-50-939141;registro-14-51-612890;registro-14-52-345961;registro-14-53-593998;registro-14-54-295491;registro-14-55-550737;registro-14-56-2940;registro-14-57-253494;registro-14-58-793121;registro-14-59-271740;registro-14-60-518787;registro-14-61-95778;registro-14-62-470716;registro-14-63-613483;registro-14-64-956077;registro-14-65-521687;registro-14-66-344364;registro-14-67-45713;registro-14-68-587701;registro-14-69-278505;registro-14-70-498495;registro-14-71-733240;registro-14-72-209120;registro-14-73-945238;registro-14-74-379999;registro-14-75-443888;registro-14-76-331375;registro-14-77-863210;registro-14-78-184448;registro-14-79-618095;registro-14-80-36432;registro-14-81-299151;registro-14-82-173930;registro-14-83-867333;registro-14-84-264507;registro-14-85-12941;registro-14-86-573699;registro-14-87-950327;registro-14-88-857716;registro-14-89-250388;registro-14-90-667801;registro-14-91-832888;registro-14-92-29492;registro-14-93-993483;registro-14-94-570508;registro-14-95-358333;registro-14-96-763444;registro-14-97-433273;registro-14-98-828359;registro-14-99-225772;registro-14-100-341669;registro-14-101-327494;registro-14-102-882322;registro-14-103-85783;registro-14-104-163197;registro-14-105-729611;registro-14-106-959116;registro-14-107-118650;registro-14-108-591890;registro-14-109-216653;registro-14-110-959558;registro-14-111-340870;registro-14-112-243596;registro-14-113-651979;registro-14-114-639888;registro-14-115-251098;registro-14-116-405793;registro-14-117-583418;registro-14-118-629569;registro-14-119-581432;registro-14-120-15683;registro-14-121-844629;registro-14-122-247154;registro-14-123-214135;registro-14-124-665350;registro-14-125-467013;registro-14-126-704410;registro-14-127-499946;registro-14-128-779973;registro-14-129-942799;registro-14-130-814130;registro-14-131-103006;registro-14-132-160948;registro-14-133-429712;registro-14-134-858397;registro-14-135-347385;registro-14-136-153885;registro-14-137-743969;registro-14-138-249278;registro-14-139-725666;registro-14-140-345019;registro-14-141-529036;registro-14-142-739061;registro-14-143-335573;registro-14-144-700875;registro-14-145-298779;registro-14-146-118583;registro-14-147-255264;registro-14-148-476122;registro-14-149-947978;registro-14-150-778244;registro-14-151-903702;registro-14-152-113371;registro-14-153-496009;registro-14-154-981002
26/01/2024;11/04/2024;06/01/2024;27/04/2024;10/12/2024;140,85;164,36;926,41;46,16;824,07;959,27;928,50;975,22;612,31;197,32;377,11;994,82;627,11;357,51;446,85;130,24;659,40;482,92;173,56;839,79;597,09;922,73;935,63;561,01;374,04;264,67;525,23;528,95;307,79;666,48;235,02;315,07;653,82;188,32;150,20;211,49;766,19;563,23;46,61;565,80;Sul;Norte;Norte;Norte;Norte;Sudeste;Nordeste;Sul;Sul;Sul;registro-15-0-349801;registro-15-1-288519;registro-15-2-238221;registro-15-3-141406;registro-15-4-21774;registro-15-5-584905;registro-15-6-303458;registro-15-7-606295;registro-15-8-369283;registro-15-9-809103;registro-15-10-258984;registro-15-11-958863;registro-15-12-120448;registro-15-13-206638;registro-15-14-713003;registro-15-15-87591;registro-15-16-817951;registro-15-17-393613;registro-15-18-88233;registro-15-19-923706;registro-15-20-781587;registro-15-21-782801;registro-15-22-531830;registro-15-23-646119;registro-15-24-607069;registro-15-25-473166;registro-15-26-486675;registro-15-27-577786;registro-15-28-192011;registro-15-29-850970;registro-15-30-40935;registro-15-31-714562;registro-15-32-81218;registro-15-33-128236;registro-15-34-246966;registro-15-35-891094;registro-15-36-519391;registro-15-37-689314;registro-15-38-999093;registro-15-39-166285;registro-15-40-639287;registro-15-41-727320;registro-15-42-795777;registro-15-43-647008;registro-15-44-501266;registro-15-45-377846;registro-15-46-657217;registro-15-47-41110;registro-15-48-139058;registro-15-49-476938;registro-15-50-915301;registro-15-51-601373;registro-15-52-627764;registro-15-53-855461;registro-15-54-191460;registro-15-55-428198;registro-15-56-164309;registro-15-57-319065;registro-15-58-806483;registro-15-59-889592;registro-15-60-217017;registro-15-61-678803;registro-15-62-599066;registro-15-63-341488;registro-15-64-397141;registro-15-65-431835;registro-15-66-905537;registro-15-67-607165;registro-15-68-634200;registro-15-69-108140;registro-15-70-346498;registro-15-71-935299;registro-15-72-594952;registro-15-73-836557;registro-15-74-411227;registro-15-75-432564;registro-15-76-681588;registro-15-77-719290;registro-15-78-529448;registro-15-79-461261;registro-15-80-350682;registro-15-81-621248;registro-15-82-649562;registro-15-83-477447;registro-15-84-812196;registro-15-85-928175;registro-15-86-317466;registro-15-87-484050;registro-15-88-885464;registro-15-89-447687;registro-15-90-63433;registro-15-91-780876;registro-15-92-636517;registro-15-93-589544;registro-15-94-80110;registro-15-95-481711;registro-15-96-381120;registro-15-97-509933;registro-15-98-934316;registro-15-99-525089;registro-15-100-717157;registro-15-101-118400;registro-15-102-128324;registro-15-103-508483;registro-15-104-859291;registro-15-105-282562;registro-15-106-903879;registro-15-107-227624;registro-15-108-676449;registro-15-109-745932;registro-15-110-262663;registro-15-111-479141;registro-15-112-267856;registro-15-113-609116;registro-15-114-157333;registro-15-115-528497;registro-15-116-834832;registro-15-117-300913;registro-15-118-571583;registro-15-119-561911;registro-15-120-123856;registro-15-121-42849;registro-15-122-302551;registro-15-123-744283;registro-15-124-360200;registro-15-125-503112;registro-15-126-995550;registro-15-127-910480;registro-15-128-216989;registro-15-129-248542;registro-15-130-880830;registro-15-131-442928;registro-15-132-622501;registro-15-133-107882;registro-15-134-532683;registro-15-135-844197;registro-15-136-922197;registro-15-137-804576;registro-15-138-694290;registro-15-139-362107;registro-15-140-501341;registro-15-141-769110;registro-15-142-158657;registro-15-143-956616;registro-15-144-848355;registro-15-145-50570;registro-15-146-977961;registro-15-147-898360;registro-15-148-200866;registro-15-149-603652;registro-15-150-230608;registro-15-151-511428;registro-15-152-97661;registro-15-153-713808;registro-15-154-860273
20/03/2024;16/09/2024;16/08/2024;18/07/2024;14/10/2024;77,02;516,91;400,49;252,40;950,97;342,99;207,81;867,37;749,41;492,09;376,19;95,24;595,27;201,14;287,72;788,47;257,21;774,38;342,34;751,80;96,46;369,67;889,82;445,45;944,03;362,19;523,83;682,25;412,37;549,36;433,32;774,73;415,72;5,04;502,57;135,53;260,65;209,14;109,15;662,72;Centro-Oeste;Sul;Norte;Nordeste;Sul;Centro-Oeste;Centro-Oeste;Centro-Oeste;Sudeste;Sudeste;registro-16-0-938258;registro-16-1-829916;registro-16-2-769155;registro-16-3-486489;registro-16-4-522063;registro-16-5-384592;registro-16-6-500329;registro-16-7-776303;registro-16-8-617648;registro-16-9-942015;registro-16-10-374631;registro-16-11-635758;registro-16-12-397865;registro-16-13-843004;registro-16-14-41475;registro-16-15-350987;registro-16-16-438506;registro-16-17-61773;registro-16-18-218895;registro-16-19-190672;registro-16-20-538940;registro-16-21-870427;registro-16-22-440527;registro-16-23-103974;registro-16-24-867877;registro-16-25-378982;registro-16-26-480345;registro-16-27-976878;registro-16-28-555753;registro-16-29-117198;registro-16-30-503206;registro-16-31-509265;registro-16-32-285131;registro-16-33-284948;registro-16-34-805813;registro-16-35-649186;registro-16-36-732829;registro-16-37-979603;registro-16-38-633502;registro-16-39-944790;registro-16-40-440703;registro-16-41-627007;registro-16-42-804270;registro-16-43-468739;registro-16-44-758139;registro-16-45-793961;registro-16-46-740542;registro-16-47-995007;registro-16-48-640883;registro-16-49-641945;registro-16-50-721613;registro-16-51-966954;registro-16-52-415106;registro-16-53-723694;registro-16-54-995532;registro-16-55-421689;registro-16-56-125731;registro-16-57-935692;registro-16-58-166410;registro-16-59-920338;registro-16-60-851742;registro-16-61-215549;registro-16-62-988158;registro-16-63-666489;registro-16-64-585264;registro-16-65-698004;registro-16-66-564357;registro-16-67-209241;registro-16-68-903360;registro-16-69-501944;registro-16-70-517768;registro-16-71-794673;registro-16-72-520485;registro-16-73-719246;registro-16-74-46495;registro-16-75-788175;registro-16-76-690695;registro-16-77-526758;registro-16-78-671339;registro-16-79-920885;registro-16-80-556951;registro-16-81-362802;registro-16-82-932981;registro-16-83-916475;registro-16-84-21597;registro-16-85-48212;registro-16-86-676837;registro-16-87-621533;registro-16-88-499490;registro-16-89-124087;registro-16-90-524940;registro-16-91-216091;registro-16-92-708486;registro-16-93-971196;registro-16-94-580603;registro-16-95-403473;registro-16-96-919573;registro-16-97-407864;registro-16-98-571990;registro-16-99-468499;registro-16-100-433115;registro-16-101-794117;registro-16-102-380637;registro-16-103-677445;registro-16-104-446536;registro-16-105-229565;registro-16-106-863966;registro-16-107-376613;registro-16-108-419398;registro-16-109-835563;registro-16-110-865259;registro-16-111-9104;registro-16-112-174302;registro-16-113-65424;registro-16-114-914765;registro-16-115-457146;registro-16-116-409652;registro-16-117-498926;registro-16-118-986184;registro-16-119-289196;registro-16-120-983997;registro-16-121-116163;registro-16-122-755262;registro-16-123-441486;registro-16-124-770896;registro-16-125-649495;registro-16-126-337895;registro-16-127-153013;registro-16-128-845880;registro-16-129-732485;registro-16-130-44760;registro-16-131-88587;registro-16-132-391725;registro-16-133-649041;registro-16-134-498595;registro-16-135-118667;registro-16-136-292388;registro-16-137-982516;registro-16-138-555266;registro-16-139-905196;registro-16-140-445983;registro-16-141-821425;registro-16-142-580596;registro-16-143-447371;registro-16-144-699340;registro-16-145-468581;registro-16-146-526824;registro-16-147-867476;registro-16-148-147033;registro-16-149-798354;registro-16-150-265643;registro-16-151-892653;registro-16-152-76433;registro-16-153-749727;registro-16-154-559108
23/05/2024;02/05/2024;19/12/2024;08/11/2024;19/07/2024;956,56;748,32;994,84;199,81;297,65;717,41;426,85;728,86;372,32;590,45;800,66;73,38;676,66;7,52;326,51;123,50;350,92;424,81;323,72;553,21;505,90;45,04;502,42;901,96;923,05;299,72;873,30;596,42;556,47;530,31;445,20;620,95;168,41;419,11;648,56;187,08;843,11;651,78;460,26;328,61;Centro-Oeste;Centro-Oeste;Centro-Oeste;Norte;Sul;Sudeste;Sul;Norte;Sul;Norte;registro-17-0-152006;registro-17-1-373075;registro-17-2-275303;registro-17-3-305335;registro-17-4-583043;registro-17-5-180561;registro-17-6-370863;registro-17-7-502255;registro-17-8-657469;registro-17-9-645165;registro-17-10-361613;registro-17-11-234700;registro-17-12-950980;registro-17-13-341526;registro-17-14-965945;registro-17-15-858397;registro-17-16-319093;registro-17-17-645037;registro-17-18-799584;registro-17-19-81509;registro-17-20-990852;registro-17-21-680804;registro-17-22-927595;registro-17-23-873212;registro-17-24-645142;registro-17-25-803550;registro-17-26-789278;registro-17-27-380632;registro-17-28-608174;registro-17-29-92372;registro-17-30-972067;registro-17-31-619668;registro-17-32-998848;registro-17-33-616868;registro-17-34-628372;registro-17-35-828512;registro-17-36-289279;registro-17-37-373315;registro-17-38-811546;registro-17-39-415586;registro-17-40-979595;registro-17-41-832521;registro-17-42-282928;registro-17-43-354833;registro-17-44-244251;registro-17-45-332376;registro-17-46-872596;registro-17-47-124769;registro-17-48-241451;registro-17-49-4338;registro-17-50-396780;registro-17-51-699726;registro-17-52-126376;registro-17-53-477546;registro-17-54-690792;registro-17-55-279012;registro-17-56-536851;registro-17-57-477454;registro-17-58-21956;registro-17-59-796722;registro-17-60-121544;registro-17-61-982912;registro-17-62-112092;registro-17-63-846453;registro-17-64-262588;registro-17-65-637144;registro-17-66-36754;registro-17-67-675931;registro-17-68-273423;registro-17-69-188099;registro-17-70-257381;registro-17-71-735941;registro-17-72-785390;registro-17-73-894374;registro-17-74-18938;registro-17-75-715870;registro-17-76-345730;registro-17-77-464101;registro-17-78-570939;registro-17-79-864935;registro-17-80-491835;registro-17-81-560424;registro-17-82-198077;registro-17-83-667328;registro-17-84-772602;registro-17-85-31991;registro-17-86-52558;registro-17-87-112336;registro-17-88-170504;registro-17-89-359403;registro-17-90-644093;registro-17-91-791207;registro-17-92-92044;registro-17-93-934795;registro-17-94-921964;registro-17-95-632727;registro-17-96-996029;registro-17-97-870770;registro-17-98-431955;registro-17-99-215853;registro-17-100-918098;registro-17-101-648434;registro-17-102-849447;registro-17-103-151719;registro-17-104-185584;registro-17-105-32930;registro-17-106-667761;registro-17-107-842132;registro-17-108-495580;registro-17-109-23181;registro-17-110-923318;registro-17-111-999218;registro-17-112-193678;registro-17-113-115395;registro-17-114-58699;registro-17-115-165324;registro-17-116-747485;registro-17-117-32384;registro-17-118-891821;registro-17-119-873489;registro-17-120-144822;registro-17-121-67259;registro-17-122-591486;registro-17-123-534945;registro-17-124-225567;registro-17-125-600081;registro-17-126-347469;registro-17-127-289545;registro-17-128-791037;registro-17-129-933893;registro-17-130-974588;registro-17-131-209000;registro-17-132-479800;registro-17-133-961426;registro-17-134-193220;registro-17-135-375605;registro-17-136-693421;registro-17-137-294264;registro-17-138-283652;registro-17-139-610882;registro-17-140-272549;registro-17-141-952448;registro-17-142-144854;registro-17-143-468254;registro-17-144-123211;registro-17-145-951727;registro-17-146-507832;registro-17-147-628653;registro-17-148-101853;registro-17-149-285128;registro-17-150-539093;registro-17-151-18324;registro-17-152-983790;registro-17-153-109026;registro-17-154-959718
22/03/2024;27/06/2024;23/05/2024;05/06/2024;12/11/2024;596,16;769,97;819,67;224,41;162,31;399,32;918,03;58,64;24,80;185,27;711,58;611,12;752,69;59,93;628,51;317,86;40,39;811,79;288,42;7,92;165,78;884,65;99,88;767,83;536,91;182,85;350,79;357,41;679,96;671,47;749,26;145,65;509,71;815,65;345,88;120,78;652,69;166,66;891,22;856,54;Norte;Sul;Norte;Norte;Norte;Sul;Nordeste;Sudeste;Centro-Oeste;Norte;registro-18-0-700192;registro-18-1-286659;registro-18-2-708313;registro-18-3-447676;registro-18-4-80012;registro-18-5-180189;registro-18-6-245271;registro-18-7-745677;registro-18-8-53728;registro-18-9-547679;registro-18-10-861087;registro-18-11-911942;registro-18-12-993485;registro-18-13-934595;registro-18-14-615989;registro-18-15-224912;registro-18-16-821147;registro-18-17-574086;registro-18-18-451232;registro-18-19-853874;registro-18-20-880255;registro-18-21-969409;registro-18-22-597082;registro-18-23-318823;registro-18-24-904385;registro-18-25-674760;registro-18-26-176616;registro-18-27-883594;registro-18-28-962164;registro-18-29-713668;registro-18-30-33359;registro-18-31-357777;registro-18-32-961644;registro-18-33-551402;registro-18-34-174074;registro-18-35-383518;registro-18-36-831873;registro-18-37-657170;registro-18-38-883032;registro-18-39-274506;registro-18-40-643389;registro-18-41-460049;registro-18-42-291411;registro-18-43-291680;registro-18-44-441111;registro-18-45-321888;registro-18-46-438925;registro-18-47-937150;registro-18-48-535586;registro-18-49-92297;registro-18-50-932997;registro-18-51-307217;registro-18-52-136378;registro-18-53-642630;registro-18-54-254224;registro-18-55-25247;registro-18-56-744082;registro-18-57-943310;registro-18-58-823221;registro-18-59-660708;registro-18-60-266639;registro-18-61-423989;registro-18-62-906637;registro-18-63-903441;registro-18-64-117115;registro-18-65-916814;registro-18-66-732534;registro-18-67-695521;registro-18-68-656511;registro-18-69-273853;registro-18-70-202018;registro-18-71-282399;registro-18-72-39878;registro-18-73-647581;registro-18-74-623076;registro-18-75-778474;registro-18-76-639452;registro-18-77-675225;registro-18-78-323239;registro-18-79-198768;registro-18-80-128235;registro-18-81-106478;registro-18-82-376710;registro-18-83-636530;registro-18-84-459796;registro-18-85-546867;registro-18-86-554742;registro-18-87-25854;registro-18-88-421523;registro-18-89-419106;registro-18-90-874410;registro-18-91-890746;registro-18-92-233326;registro-18-93-83806;registro-18-94-434682;registro-18-95-504335;registro-18-96-517266;registro-18-97-628515;registro-18-98-49086;registro-18-99-234623;registro-18-100-10933;registro-18-101-21264;registro-18-102-295632;registro-18-103-331676;registro-18-104-441928;registro-18-105-880432;registro-18-106-506102;registro-18-107-449068;registro-18-108-886709;registro-18-109-907953;registro-18-110-924726;registro-18-111-180742;registro-18-112-709509;registro-18-113-144498;registro-18-114-803648;registro-18-115-625923;registro-18-116-757760;registro-18-117-22024;registro-18-118-527495;registro-18-119-24773;registro-18-120-853063;registro-18-121-82508;registro-18-122-113408;registro-18-123-755056;registro-18-124-643800;registro-18-125-337371;registro-18-126-414159;registro-18-127-335803;registro-18-128-436624;registro-18-129-860633;registro-18-130-945814;registro-18-131-360347;registro-18-132-201738;registro-18-133-51010;registro-18-134-17739;registro-18-135-949290;registro-18-136-929099;registro-18-137-992172;registro-18-138-489897;registro-18-139-301690;registro-18-140-407176;registro-18-141-997914;registro-18-142-693;registro-18-143-544816;registro-18-144-936448;registro-18-145-739063;registro-18-146-968745;registro-18-147-918631;registro-18-148-892171;registro-18-149-285897;registro-18-150-235656;registro-18-151-181803;registro-18-152-986737;registro-18-153-922702;registro-18-154-406833
09/07/2024;11/09/2024;20/10/2024;02/02/2024;10/02/2024;742,70;47,54;802,46;193,99;227,78;528,74;554,49;576,92;306,61;121,38;571,10;503,57;932,41;357,11;242,70;392,90;646,34;359,40;434,33;922,66;64,37;143,39;621,03;728,45;493,05;661,65;501,36;681,31;599,12;835,18;51,37;822,35;509,45;665,73;900,90;757,53;300,91;558,90;774,71;25,47;Sudeste;Centro-Oeste;Sudeste;Sudeste;Norte;Norte;Nordeste;Nordeste;Sul;Nordeste;registro-19-0-451831;registro-19-1-927408;registro-19-2-324806;registro-19-3-134351;registro-19-4-629695;registro-19-5-791753;registro-19-6-544082;registro-19-7-997932;registro-19-8-137290;registro-19-9-996354;registro-19-10-63650;registro-19-11-350763;registro-19-12-109590;registro-19-13-449816;registro-19-14-235943;registro-19-15-622952;registro-19-16-877423;registro-19-17-648669;registro-19-18-6662;registro-19-19-256725;registro-19-20-99751;registro-19-21-937513;registro-19-22-142148;registro-19-23-780760;registro-19-24-846203;registro-19-25-362437;registro-19-26-228370;registro-19-27-251535;registro-19-28-164594;registro-19-29-718262;registro-19-30-723460;registro-19-31-584658;registro-19-32-668369;registro-19-33-899573;registro-19-34-105015;registro-19-35-825581;registro-19-36-315309;registro-19-37-22256;registro-19-38-403733;registro-19-39-101011;registro-19-40-450472;registro-19-41-958291;registro-19-42-829370;registro-19-43-669312;registro-19-44-612340;registro-19-45-472457;registro-19-46-987709;registro-19-47-882315;registro-19-48-876023;registro-19-49-294650;registro-19-50-814618;registro-19-51-962813;registro-19-52-29183;registro-19-53-289881;registro-19-54-856424;registro-19-55-181312;registro-19-56-212293;registro-19-57-356429;registro-19-58-74486;registro-19-59-971962;registro-19-60-587409;registro-19-61-782231;registro-19-62-282703;registro-19-63-82502;registro-19-64-199258;registro-19-65-508532;registro-19-66-510052;registro-19-67-301218;registro-19-68-402987;registro-19-69-3181;registro-19-70-972665;registro-19-71-955662;registro-19-72-715582;registro-19-73-381836;registro-19-74-514269;registro-19-75-120358;registro-19-76-311949;registro-19-77-527050;registro-19-78-731028;registro-19-79-436072;registro-19-80-297372;registro-19-81-554804;registro-19-82-194672;registro-19-83-267217;registro-19-84-319461;registro-19-85-39406;registro-19-86-249245;registro-19-87-465646;registro-19-88-891875;registro-19-89-354010;registro-19-90-447654;registro-19-91-113170;registro-19-92-978814;registro-19-93-462779;registro-19-94-734041;registro-19-95-95458;registro-19-96-530035;registro-19-97-650397;registro-19-98-299417;registro-19-99-605799;registro-19-100-18738;registro-19-101-43553;registro-19-102-719868;registro-19-103-572482;registro-19-104-397577;registro-19-105-655513;registro-19-106-799102;registro-19-107-938778;registro-19-108-287792;registro-19-109-250463;registro-19-110-354676;registro-19-111-956351;registro-19-112-838926;registro-19-113-119979;registro-19-114-384891;registro-19-115-206364;registro-19-116-860641;registro-19-117-183380;registro-19-118-173546;registro-19-119-814905;registro-19-120-474206;registro-19-121-402427;registro-19-122-540403;registro-19-123-928386;registro-19-124-719545;registro-19-125-62286;registro-19-126-523595;registro-19-127-370398;registro-19-128-763925;registro-19-129-534052;registro-19-130-557709;registro-19-131-963261;registro-19-132-926040;registro-19-133-568855;registro-19-134-555380;registro-19-135-456485;registro-19-136-618032;registro-19-137-938345;registro-19-138-49481;registro-19-139-763642;registro-19-140-556807;registro-19-141-748081;registro-19-142-824940;registro-19-143-307604;registro-19-144-610759;registro-19-145-427597;registro-19-146-964432;registro-19-147-389189;registro-19-148-91407;registro-19-149-898311;registro-19-150-888153;registro-19-151-195657;registro-19-152-519521;registro-19-153-926954;registro-19-154-907946
